Module,Feature,Sub-Feature,Details,Include?,Estimated Hours,
,,,,,Mobile FE,API Integration
Inquiries (Requested),Inquiry Overview Screen,Status Header Section,Back Navigation Icon,Include,2,5
,,,Status Badge Container,,,
,,,Status Badge Text (REQUESTED),,,
,,,Patient ID Label,,,
,,,Patient ID Value,,,
,,Request Overview Section,Section Title (Your request overview),,,
,,,Request Description Text Block,,,
,,,Description Paragraph Text,,,
,,,View 3D Head Scan Button Container,,,
,,,View 3D Head Scan Button Label,,,
,,Date Preferences Section,Section Title (Date preferences),,,
,,,Date Chip Container,,,
,,Medical History Overview Section,Section Title (Medical history overview),,,
,,,View All Container,,,
,,,View All Arrow Icon,,,
,,,View All Text,,,
,,Inquiry Status Timeline,Section Title (Medical history overview),,,
,,,Status Card Container,,,
,,,Status Label (Requested),,,
,,,Status Timestamp Container,,,
,,,Clock Icon,,,
,,,Timestamp Text,,,
,,Action Section,Cancel Request Button Container,,,
,,,Cancel Request Button Label,,,
,Cancel Inquiry Screen,Header Section,Back Navigation Icon,Include,2,4
,,Warning Header,Warning Icon Container,,,
,,,Warning Triangle Icon,,,
,,,Screen Title (Cancel Inquiry?),,,
,,,Warning Description Text,,,
,,Inquiry Reference Section,Status Badge Container,,,
,,,Status Badge Text (REQUESTED),,,
,,,Inquiry Reference Label,,,
,,,Inquiry Reference Value,,,
,,Cancellation Reason Section,Section Title (Cancellation Reason),,,
,,,Reason Option Container,,,
,,,Reason Option Text (Changed my mind),,,
,,,Reason Option Text (Found a better option),,,
,,,Reason Option Text (Medical concerns),,,
,,,Reason Option Text (Financial reasons),,,
,,,Reason Option Text (Travel restrictions),,,
,,,Reason Option Text (Timeline doesn't work),,,
,,,Other Reason Input Container,,,
,,,Other Reason Input Field,,,
,,,Text Area Resize Indicator,,,
,,Additional Notes Section,Section Title (Additional Notes),,,
,,,Additional Notes Text Field,,,
,,Optional Feedback Section,Section Title (Optional Feedback),,,
,,,Optional Feedback Text Field,,,
,,Notification Info Section,Info Card Container,,,
,,,Info Icon,,,
,,,Notification Info Text,,,
,,Action Buttons Section,Confirm Cancellation Button Container,,,
,,,Confirm Cancellation Button Label,,,
,,,Go Back Button Container,,,
,,,Go Back Button Label,,,
,Inquiry Cancelled Success Screen,Success Header Section,Success Icon Container,Include,2,1
,,,Success Checkmark Icon,,,
,,,Screen Title (Inquiry Cancelled),,,
,,,Success Description Text,,,
,,Inquiry Reference Section,Status Badge Container,,,
,,,Status Badge Text (REQUESTED),,,
,,,Inquiry Reference Label,,,
,,,Inquiry Reference Value,,,
,,Cancellation Timestamp Section,Timestamp Info Card Container,,,
,,,Info Icon,,,
,,,Cancellation Timestamp Label,,,
,,,Timestamp Value,,,
,,Conditional Logic Section,Section Title (Conditional based on inquiry stage),,,
,,,Condition List Container,,,
,,,Checkmark Icon Item 1,,,
,,,Condition Text Item 1,,,
,,,Checkmark Icon Item 2,,,
,,,Condition Text Item 2,,,
,,,Checkmark Icon Item 3,,,
,,,Condition Text Item 3,,,
,,Provider Notification Section,Info Card Container,,,
,,,Info Icon,,,
,,,Notification Text,,,
,,Action Buttons Section,Back to My Inquiries Button Container,,,
,,,Back to My Inquiries Button Label,,,
,,,Start New Inquiry Button Container,,,
,,,Start New Inquiry Button Label,,,
,Cannot Cancel Inquiry Modal,Modal Overlay,Background Dim Overlay,Include,0.5,0.5
,,Modal Container,Modal Card Container,,,
,,Modal Header,Warning Icon Container,,,
,,,Warning Triangle Icon,,,
,,,Modal Title Text,,,
,,Modal Content,Modal Description Text,,,
,,Modal Actions,Contact Support Button Container,,,
,,,Contact Support Button Label,,,
Offer (Quote),Offers List Screen,Header Section,Back Button Icon,Include,2,4
,,,Screen Title (Offers),,,
,,,Subtitle Text (Total offers on your request a quote),,,
,,Filter & Sort Bar,Filter Icon,,,
,,,Filter Label,,,
,,,Sort Dropdown Container,,,
,,,Sort Label (Recent),,,
,,,Sort Arrow Icon,,,
,,Offer Card,Provider Logo Image,,,
,,,Provider Name Text,,,
,,,Provider Location Text,,,
,,,Rating Value Text,,,
,,,Star Rating Icons,,,
,,,Review Count Text,,,
,,,Select Offer Checkbox,,,
,,,Treatment Time Card Container,,,
,,,Treatment Time Icon,,,
,,,Treatment Time Label,,,
,,,Treatment Time Value,,,
,,,Treatment Price Card Container,,,
,,,Price Icon,,,
,,,Treatment Price Label,,,
,,,Treatment Price Value,,,
,,,Accept Button,,,
,,,View Details Button,,,
,Offers Selection Screen,Offer Selection Indicator,Selected Offer Checkmark,Include,1.5,2.5
,,,Selected Indicator Circle,,,
,,Bottom Action Bar,Selected Offers Counter Text,,,
,,,Selection Limit Info Text,,,
,,,Compare Offers Button,,,
,Offers Bottom Sheet (Offer Options),Bottom Sheet Container,Sheet Background Container,Include,0.5,0.5
,,Bottom Sheet Header,Close Button Icon,,,
,,Option Card,Treatment Time Card,,,
,,,Treatment Time Icon,,,
,,,Treatment Time Value,,,
,,,Price Card,,,
,,,Price Icon,,,
,,,Price Value,,,
,,,Selected State Border,,,
,,Bottom Summary Bar,Original Price Text (Strikethrough),,,
,,,Discounted Price Text,,,
,,,Selected Date Text,,,
,,,Accept Button,,,
,Filter Offers Modal,Modal Container,Modal Background Card,Include,1,2
,,Modal Header,Close Button Icon,,,
,,Price Filter Section,Section Label (Min Price),,,
,,,Decrease Button,,,
,,,Price Input Field,,,
,,,Increase Button,,,
,,,Section Label (Max Price),,,
,,Graft Filter Section,Section Label (Min Graft),,,
,,,Decrease Button,,,
,,,Graft Input Field,,,
,,,Increase Button,,,
,,,Section Label (Max Graft),,,
,,Rating Filter Section,Rating Slider,,,
,,,Slider Thumb Handles,,,
,,,Rating Scale Labels (1-5 stars),,,
,,Date Filter Section,Earliest Date Label,,,
,,,Date Picker Field,,,
,,,Latest Date Label,,,
,,,Date Picker Field,,,
,,Modal Actions,Apply Filter Button,,,
,,,Reset Filter Button,,,
,Compare Offers Table Screen,Header Section,Back Button Icon,Include,8,12
,,,Screen Title (Compare Offers Table),,,
,,,Selected Offers Count Text,,,
,,Provider Row,Provider Logo Image,,,
,,,Provider Name,,,
,,,Provider Location,,,
,,,Rating Value,,,
,,,Star Icons,,,
,,,Review Count,,,
,,Date & Price Section,Treatment Time Cards,,,
,,,Treatment Time Icon,,,
,,,Treatment Time Value,,,
,,,Price Cards,,,
,,,Price Icon,,,
,,,Price Value,,,
,,Estimate Grafts Row,Estimate Grafts Label,,,
,,,Graft Value,,,
,,Price Per Graft Row,Price Range Text,,,
,,Graft Estimation Section,Section Title,,,
,,,Description Paragraph,,,
,,Medical Inclusions Section,Section Title,,,
,,,Inclusion Item Label,,,
,,,Expand Icon (+),,,
,,,Collapse Icon (-),,,
,,Travel Package Section,Accommodation Label,,,
,,,Checkmark Icon,,,
,,,Accommodation Detail Text,,,
,,,Transportation Label,,,
,,,Transportation Items,,,
,,,Flights Label,,,
,,,Not Included Icon,,,
,,Action Buttons,Accept Button,,,
,,,View Details Button,,,
,Treatment Details Screen,Header Section,Back Button,Include,3,5
,,,Screen Title (Treatment offered),,,
,,Treatment Card,Treatment Image,,,
,,,Video Play Button,,,
,,,Category Badge (HAIR),,,
,,,Treatment Name,,,
,,,Duration Text,,,
,,Treatment Options,Treatment Time Card,,,
,,,Treatment Time Icon,,,
,,,Price Card,,,
,,,Price Icon,,,
,,Payment Info,Interest-free Payment Link,,,
,,Expiry Timer Section,Expiry Timer Button,,,
,,,Time Remaining Label,,,
,,,Countdown Text,,,
,,Estimate Grafts Section,Estimate Grafts Button,,,
,,,Grafts Value,,,
,,,Price Per Graft Value,,,
,,Travel Package Section,Accommodation Label,,,
,,,Accommodation Detail,,,
,,,Transportation Label,,,
,,,Transportation Details,,,
,,,Flights Not Included Notice,,,
,,Medical Treatment Inclusions,Section Header,,,
,,,Graft Estimation Text,,,
,,,Inclusion Item Rows,,,
,,Support Section,Support Card Container,,,
,,,Support Description Text,,,
,,,Chat With Us Button,,,
,,Provider Section,Provider Logo,,,
,,,Provider Name,,,
,,,Provider Location,,,
,,,Provider Rating,,,
,,Policy Section,Cancellation Policy Title,,,
,,,Policy Description,,,
,,,View Details Button,,,
,,,Privacy Commitment Title,,,
,,,Terms of Service Title,,,
,Accept Offer Confirmation Modal,Modal Container,Background Overlay,Include,0.5,0.5
,,,Confirmation Card,,,
,,Modal Header,Success Icon,,,
,,,Title Text,,,
,,Modal Content,Description Text,,,
,,Modal Actions,Accept Offer Button,,,
,Discount Code Screen,Header Section,Back Button,Include,2,4
,,,Screen Title,,,
,,Discount Section,Provider Code Text,,,
,,,Discount Code Input Field,,,
,,,Apply Code Button,,,
,,Cost Breakdown Section,Provider Cost Row,,,
,,,Aftercare Cost Row,,,
,,,Discount Row,,,
,,,Total Cost Row,,,
,,Treatment Section,Treatment Label,,,
,,,Treatment Name,,,
,,Provider Section,Provider Label,,,
,,,Provider Name,,,
,Cancellation Policy Screen,Header Section,Back Button,Include,1,0
,,,Screen Title,,,
,,,Version Label,,,
,,Table of Contents,TOC Dropdown,,,
,,,Expand/Collapse Icon,,,
,,,TOC Item Rows,,,
,,Content Section,Heading Text,,,
,,,Paragraph Text,,,
,,,Subheading Text,,,
In Progress,Booking Info Screen,Header Section,Back Navigation Icon,Include,4,8
,,,More Options (Three Dot) Icon,,,
,,Status Section,Status Badge Container,,,
,,,Status Badge Text (IN PROGRESS),,,
,,,Patient ID Label,,,
,,,Patient ID Value,,,
,,Tab Navigation,Tab Item (Booking info),,,
,,,Tab Item (Provider),,,
,,,Tab Item (Problem),,,
,,,Tab Item (Treatment),,,
,,,Active Tab Indicator,,,
,,Treatment Schedule Card,Card Container,,,
,,,Clock Icon,,,
,,,Label (Start treatment),,,
,,,Date Time Text,,,
,,Treatment Price Card,Card Container,,,
,,,Price Icon,,,
,,,Label (Treatment price),,,
,,,Price Value,,,
,,Travel Package Section,Section Header Container,,,
,,,Section Title (Travel Package Inclusions),,,
,,,Accommodation Title,,,
,,,Accommodation Check Icon,,,
,,,Accommodation Description,,,
,,,Transportation Title,,,
,,,Transportation Check Icon,,,
,,,Transportation Detail (Airport transfer),,,
,,,Transportation Detail (Hotel transfer),,,
,,,Flights Title,,,
,,,Flights Not Included Icon,,,
,,,Flights Description,,,
,,Hotel Details Section,Section Title (Included),,,
,,,Hotel Name Label,,,
,,,Hotel Name Value,,,
,,,Location Label,,,
,,,Location Value,,,
,,,Check-in Date Label,,,
,,,Check-in Date Value,,,
,,,Check-out Date Label,,,
,,,Check-out Date Value,,,
,,,Reservation Number Label,,,
,,,Reservation Number Value,,,
,,Flight Details Section,Section Title (Flight details),,,
,,,Airline Label,,,
,,,Airline Value,,,
,,,Flight Number Label,,,
,,,Flight Number Value,,,
,,,Departure Label,,,
,,,Departure Value,,,
,,,Destination Label,,,
,,,Destination Value,,,
,,,Departure Date Label,,,
,,,Departure Date Value,,,
,,,Departure Time Label,,,
,,,Departure Time Value,,,
,,,Arrival Time Label,,,
,,,Arrival Time Value,,,
,,,Class Label,,,
,,,Class Value,,,
,,,Passenger Name Label,,,
,,,Passenger Name Value,,,
,,,Ticket Number Label,,,
,,,Ticket Number Value,,,
,,,Total Price Label,,,
,,,Total Price Value,,,
,,,Seat Label,,,
,,,Seat Value,,,
,,,Special Requests Label,,,
,,,Special Requests Value,,,
,,Timeline Section,Section Title (Timeline),,,
,,,Timeline Item Container,,,
,,,Timeline Step Title,,,
,,,Timeline Step Time Icon,,,
,,,Timeline Step Date Time,,,
,Provider Tab Screen,Header Section,Back Navigation Icon,Include,2,4
,,,More Options Icon,,,
,,Status Section,Status Badge Container,,,
,,,Status Badge Text,,,
,,,Patient ID Label,,,
,,,Patient ID Value,,,
,,Tab Navigation,"Tab Items (Booking Info, Provider, Problem, Treatment)",,,
,,Provider Card,Provider Logo,,,
,,,Provider Name,,,
,,,Provider Location,,,
,,,Rating Value,,,
,,,Star Rating Icons,,,
,,,Review Count,,,
,Problem Tab Screen,Request Overview Section,Section Title,Include,1,0
,,,Description Paragraph,,,
,,,View 3D Head Scan Button,,,
,,,Play Icon,,,
,,Medical Questionnaire Section,Section Title,,,
,,,View All Questionnaires Button,,,
,,,Arrow Icon,,,
,Treatment Tab Screen,Treatment Card,Treatment Image,Include,2.5,6
,,,Video Play Button,,,
,,,Category Badge (HAIR),,,
,,,Treatment Name,,,
,,,Duration Label,,,
,,Estimate Grafts Section,Section Header Button,,,
,,,Estimate Grafts Label,,,
,,,Graft Value,,,
,,,Price per Graft Label,,,
,,,Price per Graft Value,,,
,,Medical Treatment Inclusion Section,Section Header,,,
,,,Graft Estimation Description,,,
,,,Included Items List,,,
,,,Expand Icon,,,
,,,Collapse Icon,,,
,,Note Section,Section Title (Note),,,
,,,Note Description,,,
,,Assigned Clinician Section,Section Title,,,
,,,Clinician Avatar Image,,,
,,,Clinician Name,,,
,,,Clinician Specialty,,,
,,Treatment Process Section,Section Title,,,
,,,Progress Indicator Card,,,
,,,Progress Text,,,
,,,Day Label,,,
,,,Date Text,,,
,,,Status Badge (Finished/In Progress/Not Started),,,
,,,Note Label,,,
,,,Note Description,,,
,End of Treatment Screen,Header Section,Back Navigation Icon,Include,1.5,4
,,,More Options Icon,,,
,,Status Section,Status Badge,,,
,,,Patient ID Text,,,
,,Tab Navigation,Tab Items,,,
,,Conclusion Notes Section,Section Title,,,
,,,Notes Description,,,
,,Prescription Section,Section Title,,,
,,,Prescription Text,,,
,,Advice Section,Section Title,,,
,,,Advice Text,,,
,,Medication Section,Section Title,,,
,,,Medication Text,,,
,,Actual Graft Count Section,Section Title,,,
,,,Graft Count Value,,,
,,Final 3D Head Scan Section,Section Title,,,
,,,3D Scan Image Thumbnail,,,
Aftercare,My List Dashboard Screen,Welcome Section,Welcome Text (Welcome to Hairline),Include,1,1
,,,User Name Text,,,
,,Search Section,Search Input Field,,,
,,,Search Icon,,,
,,,Sort/Filter Button,,,
,,Filter Tabs,Tab Item (All),,,
,,,Tab Item (In Progress),,,
,,,Tab Item (Completed),,,
,,,Tab Item (Cancelled),,,
,,,Active Tab Indicator,,,
,,Inquiry Card,Status Badge (Aftercare),,,
,,,Patient ID Label,,,
,,,Patient ID Value,,,
,,,Inquiry Description Text,,,
,,,Provider Logo,,,
,,,Provider Name,,,
,,Bottom Navigation,Tab Icon (My List),,,
,,,Tab Label (My List),,,
,,,Tab Icon (Notification),,,
,,,Notification Badge,,,
,,,Tab Label (Notification),,,
,,,Tab Icon (Message),,,
,,,Tab Label (Message),,,
,,,Tab Icon (Profile),,,
,,,Tab Label (Profile),,,
,Aftercare Milestones Screen,Header Section,Back Button,Include,3,6
,,,More Options Icon,,,
,,Status Section,Status Badge (Aftercare),,,
,,,Patient ID Text,,,
,,Tab Navigation,Tab Item (Aftercare Milestones),,,
,,,Tab Item (Medication),,,
,,,Tab Item (Instruction),,,
,,Aftercare Start Card,Clock Icon,,,
,,,Label (Aftercare start date),,,
,,,Date Value,,,
,,Milestone Status Card,Price Icon,,,
,,,Current Milestone Label,,,
,,,Milestone Remaining Text,,,
,,Progress Card,Circular Progress Indicator,,,
,,,Progress Percentage Text,,,
,,,Progress Description Text,,,
,,Milestone List,Milestone Tag,,,
,,,Milestone Name,,,
,,,Milestone Duration,,,
,,,Completion Date,,,
,,,Status Badge (Complete/Current/Upcoming),,,
,,Upload Scan Section,Section Title,,,
,,,Section Description,,,
,,,Upload Scan Button,,,
,,Questionnaire Section,Section Title,,,
,,,Section Description,,,
,,,Complete Questionnaire Button,,,
,,Upcoming Tasks Section,Section Title,,,
,,,Task Card,,,
,,,Task Title,,,
,,,Task Time Icon,,,
,,,Task Date Time,,,
,,Medication Adherence Section,Circular Progress Indicator,,,
,,,Percentage Text,,,
,,,Adherence Description,,,
,,Support Section,Section Title,,,
,,,Support Description,,,
,,,Start Chat Now Button,,,
,,Completed Tasks Section,Section Title,,,
,,,Task Item,,,
,,,Task Date,,,
,,,Status Icon (Check),,,
,,,Status Icon (Cross),,,
,Milestone Detail Screen,Header Section,Back Button,Include,3,5
,,,Milestone Badge,,,
,,,Current Status Badge,,,
,,,Milestone Title,,,
,,,Duration Label,,,
,,3D Scan Section,Section Title,,,
,,,Scan Thumbnail Image,,,
,,,Play Button Overlay,,,
,,,Scan Title,,,
,,,Scan Date,,,
,,Next Scan Section,Section Label,,,
,,,Next Scan Time Icon,,,
,,,Next Scan Date,,,
,,,Upload Scan Button,,,
,,Questionnaire Section,Section Title,,,
,,,Questionnaire Card,,,
,,,Questionnaire Title,,,
,,,Questionnaire Date,,,
,,,Complete Questionnaire Button,,,
,,Educational Resources,Section Title,,,
,,,Resource Description,,,
,,Activity Restrictions,Section Title,,,
,,,Restriction Description,,,
,Scan Upload Screen,Header Section,Back Button,Include,1,2
,,,Screen Title,,,
,,Scan Due Section,Time Icon,,,
,,,Scan Due Date Text,,,
,,Guidance Card,Info Icon,,,
,,,Scan Guidance Text,,,
,,Scan Area,Scan Alignment Graphic,,,
,,,Quality Indicator Dots,,,
,,,Alignment Frame Corners,,,
,,,Scan Instruction Text,,,
,,Action Section,Scan Head Button,,,
,Pain Assessment Screen,Header Section,Back Button,Include,1,2
,,,Screen Title,,,
,,Instruction Section,Description Paragraph,,,
,,Options List,Radio Button,,,
,,,Emoji Icon,,,
,,,Pain Level Label,,,
,,Submit Section,Submit Button,,,
,Pain Assessment Extended Screen,Instruction Section,Pain Description,Include,1,2
,,Pain Options,Radio Button,,,
,,,Emoji Icon,,,
,,,Pain Level Label,,,
,,Painkiller Question,Question Label,,,
,,,Yes Radio Button,,,
,,,No Radio Button,,,
,Question Text Input Screen,Header Section,Back Button,Include,1,1
,,,Question Title,,,
,,Question Section,Question Description,,,
,,Answer Input,Text Input Field,,,
,,,Placeholder Text,,,
,,Submit Section,Submit Button,,,
,Question Multiple Choice Screen,Header Section,Back Button,Include,1,2
,,Question Section,Question Description,,,
,,Options Section,Radio Button,,,
,,,Option Label,,,
,,Submit Section,Submit Button,,,
,Question Dropdown Screen,Header Section,Back Button,Include,1,1
,,Question Section,Question Description,,,
,,Dropdown Section,Dropdown Field,,,
,,,Dropdown Arrow Icon,,,
,,Submit Section,Submit Button,,,
,Medication Screen,Header Section,Back Button,Include,3,4
,,,More Options Icon,,,
,,Status Section,Status Badge,,,
,,,Patient ID Text,,,
,,Tab Navigation,Tab Item (Aftercare Milestones),,,
,,,Tab Item (Medication),,,
,,,Tab Item (Instruction),,,
,,Adherence Section,Circular Progress Indicator,,,
,,,Percentage Text,,,
,,,Description Text,,,
,,Today Doses Section,Medication Card,,,
,,,Time Icon,,,
,,,Date Text,,,
,,,Mark as Taken Button,,,
,,,Undo Button,,,
,,Medication Details,Medication Title,,,
,,,Date Range,,,
,,,Dose Information,,,
,,,Description,,,
,,History Section,Section Title,,,
,,,Medication History Item,,,
,,,Time Icon,,,
,,,Date Text,,,
,,,Status Icon,,,
,Instruction Screen,Header Section,Back Button,Include,2,3
,,,More Options Icon,,,
,,Instruction List,Instruction Card,,,
,,,Instruction Title,,,
,,,Instruction Description,,,
,,,Mark as Read Button,,,
,,,Undo Button,,,
,,Resources Section,Resource File Icon,,,
,,,Document Name,,,
,,,View Button,,,
,,,Download Button,,,
,,Emergency Section,Emergency Contact Label,,,
,,,Contact Name,,,
,,,Phone Number,,,
,External Treatment Info Screen,Step Progress,Step Indicator,Include,2,3
,,,Step Label (Info/Services/Checkout),,,
,,Form Section,Treatment Date Label,,,
,,,Treatment Date Value,,,
,,,Treatment Type Label,,,
,,,Treatment Type Value,,,
,,,Treating Clinic Label,,,
,,,Treating Clinic Input,,,
,,Upload Section,Upload Documentation Placeholder,,,
,,,Upload Photo Placeholder,,,
,,Concerns Section,Concerns Input Field,,,
,,Action Section,Next Step Button,,,
,Aftercare Services Screen,Step Progress,Step Indicator,Include,2,3
,,,Step Labels,,,
,,Services List,Service Card,,,
,,,Service Name,,,
,,,Price Text,,,
,,,Duration Label,,,
,,,Description,,,
,,,Select Service Button,,,
,,,View Details Button,,,
,,Navigation,Previous Step Button,,,
,,,Next Step Button,,,
,Aftercare Checkout Screen,Header Section,Back Button,Include,2,5
,,Payment Type Section,Fixed Payment Button,,,
,,,Monthly Subscription Button,,,
,,Service Card,Service Name,,,
,,,Price,,,
,,,Duration,,,
,,,View Details Button,,,
,,Price Breakdown,Subtotal Row,,,
,,,Platform Fee Row,,,
,,,Tax Row,,,
,,,Total Amount,,,
,,Payment Method Section,Visa Card Item,,,
,,,Amex Card Item,,,
,,,Mastercard Card Item,,,
,,,Default Badge,,,
,,,Select Radio,,,
,,,Add Payment Method Button,,,
,,Agreement Section,Agreement to Terms Checkbox,,,
,,,Agreement to Privacy Checkbox,,,
,,Navigation,Previous Step Button,,,
,,,Checkout Button,,,
,Completed Inquiry Dashboard Card,Inquiry Card,Status Badge (Completed),Include,1,2
,,,Patient ID Text,,,
,,,Inquiry Description,,,
,,,Provider Name,,,
,,,Submit Review Button,,,
,,,Purchase Aftercare Service Button,,,
Notifications,My List Dashboard (Requested State),Welcome Section,Welcome Text (Welcome to Hairline),Include,2,3
,,,User Name Text (Burak Yılmaz),,,
,,Search Section,Search Input Field,,,
,,,Search Icon,,,
,,,Sort / Filter Button,,,
,,Filter Tabs,Tab Item (All),,,
,,,Tab Item (In Progress),,,
,,,Tab Item (Completed),,,
,,,Tab Item (Cancelled),,,
,,,Active Tab Indicator,,,
,,Inquiry Card,Status Badge Container,,,
,,,Status Badge Text (Requested),,,
,,,Patient ID Label,,,
,,,Patient ID Value,,,
,,,Inquiry Description Text,,,
,,,Date Preference Chip,,,
,,,Date Preference Chip (1–5 of Feb),,,
,,,Date Preference Chip (15–30 of Feb),,,
,,,Date Preference Chip (1–30 of Mar),,,
,,Bottom Navigation,Tab Icon (My List),,,
,,,Tab Label (My List),,,
,,,Tab Icon (Notification),,,
,,,Tab Label (Notification),,,
,,,Tab Icon (Message),,,
,,,Tab Label (Message),,,
,,,Tab Icon (Profile),,,
,,,Tab Label (Profile),,,
,My List Dashboard (Requested State – With Notification Badge),Bottom Navigation,Notification Badge Container,Include,0.5,0.5
,,,Notification Badge Count,,,
,Notifications Screen,Header Section,Screen Title (Notifications),Include,2,4
,,Search Section,Search Input Field,,,
,,,Search Icon,,,
,,,Filter Button,,,
,,Notification List,Notification Card Container,,,
,,,Notification Icon,,,
,,,Notification Title,,,
,,,Notification Description,,,
,,,Notification Timestamp,,,
,,,Options Menu Icon (Three dots),,,
,,,Notification Card (Email Verification / OTP),,,
,,,Notification Card (Inquiry Submitted),,,
,,,Notification Card (Inquiry Cancelled),,,
,,,Notification Card (Quote Submitted),,,
,,,Notification Card (Treatment Start / Day-1),,,
,,,Notification Card (Support Case Resolved),,,
,,Bottom Navigation,Tab Icon (My List),,,
,,,Tab Label (My List),,,
,,,Tab Icon (Notification),,,
,,,Active Tab Indicator,,,
,,,Tab Label (Notification),,,
,,,Tab Icon (Message),,,
,,,Tab Label (Message),,,
,,,Tab Icon (Profile),,,
,,,Tab Label (Profile),,,
,Notifications Filter Modal,Modal Container,Modal Background Overlay,Include,1,2
,,,Modal Card Container,,,
,,Modal Header,Close Button Icon,,,
,,Status Filter Section,Section Title (Filter by Status),,,
,,,Toggle Button (All),,,
,,,Toggle Button (Unread),,,
,,Type Filter Section,Section Title (Filter by Type),,,
,,,Filter Chip (Inquiry),,,
,,,Filter Chip (Quote),,,
,,,Filter Chip (Booking),,,
,,,Filter Chip (Payment),,,
,,,Filter Chip (Treatment),,,
,,,Filter Chip (Aftercare),,,
,,,Filter Chip (Account),,,
,,,Filter Chip (Messaging),,,
,,Modal Actions,Apply Filter Button,,,
,,,Reset Filter Button,,,
,Notifications Screen (Filtered State Indicator),Search Section,Filter Notification Dot Indicator,Include,0.5,0.5
Profile > Settings,Privacy & Security Screen,Header Section,Back Navigation Icon,Include,1,0
,,,Screen Title (Privacy & Security),,,
,,Options List,Option Row Container,,,
,,,Change Password Icon,,,
,,,Change Password Label,,,
,,,Navigation Arrow Icon,,,
,,,Privacy Policy Icon,,,
,,,Privacy Policy Label,,,
,,,Navigation Arrow Icon,,,
,Change Password Screen,Header Section,Back Navigation Icon,Include,1.5,3
,,,Screen Title (Change Password),,,
,,Current Password Section,Field Label (Current Password),,,
,,,Password Input Field,,,
,,,Show/Hide Password Icon,,,
,,,Forgot Password Link,,,
,,New Password Section,Field Label (New Password),,,
,,,Password Input Field,,,
,,,Show/Hide Password Icon,,,
,,Confirm Password Section,Field Label (Confirm New Password),,,
,,,Password Input Field,,,
,,,Show/Hide Password Icon,,,
,,Password Requirements Section,Requirement Text (Password must be at least 8 characters),,,
,,,Requirement Text (At least 1 number),,,
,,,Requirement Text (At least 1 letter),,,
,,,Validation Error Text,,,
,,,Validation Success Icon,,,
,,,Validation Success Text,,,
,,Action Section,Save Button,,,
,Change Password Screen (Valid State),Password Validation Section,Requirement Success Icon,Include,0.5,0.5
,,,Requirement Success Text,,,
,,Success State Container,Success Icon (Checkmark),,,
,,,Success Title (Password Updated),,,
,,,Success Description Text,,,
,,Action Section,Done Button,,,
,Privacy Policy Screen,Header Section,Back Navigation Icon,Include,0.5,0
,,,Screen Title (Privacy Policy),,,
,,Metadata Section,Version Label,,,
,,,Version Value,,,
,,,Last Update Label,,,
,,,Last Update Value,,,
,,Introduction Section,Intro Paragraph Text,,,
,,Content Section,Section Heading (Information We Collect),,,
,,,Paragraph Text,,,
,,,Section Heading (How We Use Your Information),,,
,,,Bullet Point Item,,,
,,,Bullet Point Item,,,
,,,Bullet Point Item,,,
,,,Bullet Point Item,,,
,,,Section Heading (Data Protection),,,
,,,Paragraph Text,,,
,,,Section Heading (Data Sharing),,,
,,,Paragraph Text,,,
,,,Section Heading (Contact Us),,,
,,,Paragraph Text,,,
,Terms & Conditions Screen,Header Section,Back Navigation Icon,Include,0.5,0
,,,Screen Title (Terms & Conditions),,,
,,Metadata Section,Version Label,,,
,,,Version Value,,,
,,,Last Update Label,,,
,,,Last Update Value,,,
,,Content Section,Intro Paragraph Text,,,
,,,Paragraph Text,,,
,,,Paragraph Text,,,
,,,Paragraph Text,,,
,,,Paragraph Text,,,
,,,Paragraph Text,,,
Profile > My Reviews,My Reviews Screen,Header Section,Back Navigation Icon,Include,2,3
,,,Screen Title (My Reviews),,,
,,,Sort / Filter Button,,,
,,Review Card,Review Card Container,,,
,,,Star Rating Icons,,,
,,,Rating Timestamp Text,,,
,,,Status Badge (Published),,,
,,,Status Badge (Submitted),,,
,,,Status Badge (Removed),,,
,,,Treatment Label,,,
,,,Treatment Name Text,,,
,,,Review Description Text,,,
,,,See More Link,,,
,,,Clinic Logo Image,,,
,,,Clinic Name Text,,,
,Review Detail Screen (Published),Header Section,Back Navigation Icon,Include,2,3
,,,Screen Title (Review Detail),,,
,,Review Summary Card,Card Container,,,
,,,Overall Rating Label,,,
,,,Overall Rating Stars,,,
,,,Rating Timestamp,,,
,,,Status Badge (Published),,,
,,Rating Breakdown,Category Label (Facility),,,
,,,Category Label (Staff),,,
,,,Category Label (Results),,,
,,,Category Label (Value),,,
,,,Category Rating Stars,,,
,,Provider Section,Clinic Logo Image,,,
,,,Clinic Name,,,
,,,Treatment Name,,,
,,Review Content,Review Description Paragraph,,,
,,Media Section,Uploaded Image Thumbnail,,,
,,Action Buttons,Edit Review Button,,,
,,,Takedown Request Button,,,
,Review Edit Screen,Header Section,Back Navigation Icon,Include,1,2
,,,Screen Title (Review Detail),,,
,,Provider Section,Clinic Logo Image,,,
,,,Clinic Name,,,
,,,Treatment Name,,,
,,Rating Section,Overall Rating Label,,,
,,,Rating Value Text,,,
,,,Rating Info Icon,,,
,,,Navigation Arrow Icon,,,
,,Category Ratings,Category Label (Facility),,,
,,,Category Rating Value,,,
,,,Category Info Icon,,,
,,,Navigation Arrow Icon,,,
,,,Category Label (Staff),,,
,,,Category Label (Results),,,
,,,Category Label (Value),,,
,,Feedback Section,Feedback Label,,,
,,,Feedback Text Area,,,
,,Photos Section,Photos Label,,,
,,,Uploaded Photo Thumbnail,,,
,,,Remove Photo Icon,,,
,,,Add Photo Button,,,
,,Action Section,Save Button,,,
,Review Takedown Modal,Modal Container,Modal Background Overlay,Include,0.5,0.5
,,,Modal Card Container,,,
,,Modal Header,Close Icon Button,,,
,,Input Section,Message Label,,,
,,,Message Text Field,,,
,,Info Section,Info Icon,,,
,,,Data Retention Notice Text,,,
,,Action Section,Takedown Request Button,,,
,Review Detail Screen (Removed State),Info Banner,Removal Reason Container,Include,1,0.5
,,,Info Icon,,,
,,,Removal Reason Text,,,
,,Review Summary Card,Overall Rating Label,,,
,,,Rating Stars,,,
,,,Status Badge (Removed),,,
,,Rating Breakdown,Category Labels,,,
,,,Category Rating Stars,,,
,,Provider Section,Clinic Logo Image,,,
,,,Clinic Name,,,
,,,Treatment Name,,,
,,Review Content,Review Description Paragraph,,,
,,Media Section,Uploaded Image Thumbnail,,,
Profile > Payment Methods,Payment Methods Screen (Saved Cards State),Header Section,Back Navigation Icon,Include,2,3
,,,Screen Title (Payment Methods),,,
,,Payment Card List,Card Item Container,,,
,,,Card Brand Logo (Visa),,,
,,,Card Brand Logo (American Express),,,
,,,Card Brand Logo (Mastercard),,,
,,,Card Brand Name,,,
,,,Masked Card Number,,,
,,,Default Badge,,,
,,,Options Menu Icon (Three Dots),,,
,,Action Section,Add Payment Method Button,,,
,Payment Methods Screen (Empty State),Header Section,Back Navigation Icon,Include,0.5,0.5
,,,Screen Title (Payment Methods),,,
,,Empty State Container,Illustration Icon,,,
,,,Empty State Title (No payment methods saved yet),,,
,,,Empty State Description Text,,,
,,Action Section,Add Payment Method Button,,,
,Payment Method Options Bottom Sheet,Modal Container,Bottom Sheet Container,Include,0.5,1
,,Modal Header,Header Label (Action),,,
,,Options List,Option Item (View Detail),,,
,,,Option Item (Set as Default),,,
,,,Option Item (Edit),,,
,,,Option Item (Remove),,,
,Add Payment Method Screen,Header Section,Back Navigation Icon,Include,2,4
,,,Screen Title (Add Payment Method),,,
,,Card Information Section,Card Number Label,,,
,,,Card Number Input Field,,,
,,,Card Scanner Icon,,,
,,,Cardholder Name Label,,,
,,,Cardholder Name Input Field,,,
,,,Expiry Date Label,,,
,,,Expiry Date Input Field,,,
,,,CVV/CVC Label,,,
,,,CVV/CVC Input Field,,,
,,Address Section,Address Line 1 Label,,,
,,,Address Line 1 Input Field,,,
,,,Address Line 2 Label,,,
,,,Address Line 2 Input Field,,,
,,,City Label,,,
,,,City Input Field,,,
,,,State/Region Label,,,
,,,State/Region Input Field,,,
,,,Postal Code Label,,,
,,,Postal Code Input Field,,,
,,,Country Label,,,
,,,Country Selection Field,,,
,,,Navigation Arrow Icon,,,
,,Default Setting Section,Set as Default Label,,,
,,,Toggle Switch,,,
,,Security Notice Section,Security Info Icon,,,
,,,Encryption Notice Text,,,
,,Action Section,Save Payment Method Button,,,
,Edit Payment Method Screen,Header Section,Back Navigation Icon,Include,1,3
,,,Screen Title (Add Payment Method),,,
,,Card Information Section,Card Number Field (Prefilled),,,
,,,Cardholder Name Field,,,
,,,Expiry Date Field,,,
,,,CVV/CVC Field,,,
,,Address Section,Address Input Fields,,,
,,Default Setting Section,Default Payment Toggle,,,
,,Security Notice Section,Encryption Notice,,,
,,Action Section,Save Changes Button,,,
,,,Remove Button,,,
,Remove Payment Method Modal (Installment Warning),Modal Container,Modal Background Overlay,Include,0.5,0.5
,,,Modal Card Container,,,
,,Warning Section,Warning Icon,,,
,,,Title (Remove Payment Method),,,
,,,Description Text,,,
,,Info Banner,Info Icon,,,
,,,Default Reassignment Text,,,
,,Action Section,Remove Button,,,
,,,Cancel Button,,,
,,Modal Container,Modal Background Overlay,,,
,,,Modal Card Container,,,
,,Warning Section,Warning Icon,,,
,,,Title (Remove Payment Method),,,
,,,Removal Description Text,,,
,,Action Section,Remove Button,,,
,,,Cancel Button,,,
Profile > Delete Account,Profile Screen – Delete Restriction Modal,Profile Header,Profile Avatar,Include,1,1
,,,User Name Text,,,
,,,Email Address Text,,,
,,Bottom Navigation,Tab Icon (My List),,,
,,,Tab Label (My List),,,
,,,Tab Icon (Notification),,,
,,,Notification Badge,,,
,,,Tab Label (Notification),,,
,,,Tab Icon (Message),,,
,,,Tab Label (Message),,,
,,,Tab Icon (Profile),,,
,,,Tab Label (Profile),,,
,Cannot Delete Account Modal,Modal Container,Modal Background Overlay,Include,1,0
,,,Modal Card Container,,,
,,Warning Section,Warning Icon,,,
,,,Title (Cannot delete account),,,
,,,Description Text,,,
,,Action Section,Contact Support Button,,,
,,,Cancel Button,,,
,Delete Your Account Screen,Header Section,Back Navigation Icon,Include,1.5,2.5
,,,Screen Title (Delete Your Account),,,
,,Warning Section,Warning Icon,,,
,,Deletion Info Section,Section Title (What may be deleted or anonymized),,,
,,,Bullet Icon (Cross),,,
,,,List Item (Profile and preferences),,,
,,,List Item (Messages / communications),,,
,,,List Item (Reviews content),,,
,,,List Item (Uploaded media),,,
,,Retention Section,Section Title (What will be retained),,,
,,,Bullet Icon (Checkmark),,,
,,,Retention Description Text,,,
,,Info Banner,Info Icon,,,
,,,Retention Timeline Text,,,
,,Deletion Reason Section,Field Label (Deletion Reason),,,
,,,Dropdown Field,,,
,,,Dropdown Arrow Icon,,,
,,Action Section,Delete Your Account Button,,,
,Deletion Reason Bottom Sheet,Bottom Sheet Container,Bottom Sheet Handle Indicator,Include,0.5,0.5
,,Bottom Sheet Header,Header Label (Deletion Reason),,,
,,Options List,Option Item (I no longer use this app),,,
,,,Option Item (I found a better alternative),,,
,,,Option Item (The app doesn’t meet my needs),,,
,,,Option Item (Too many notifications or emails),,,
,,,Option Item (Concerns about privacy or data security),,,
,,,Option Item (I had technical issues or bugs),,,
,,,Option Item (The app is difficult to use),,,
,,,Option Item (I’m taking a break and may return later),,,
,,,Option Item (Others),,,
,,,Selected Checkmark Icon,,,
,Delete Confirmation Modal,Modal Container,Modal Background Overlay,Include,0.5,0.5
,,,Modal Card Container,,,
,,Modal Header,Title (Delete Your Account),,,
,,Action Section,Cancel Button,,,
,,,Request Deletion Button,,,
Profile > Verify Identity,Verify Identity Screen (Password Tab – Default State),Header Section,Back Navigation Icon,Include,1,1.5
,,Verification Header,Security Shield Icon,,,
,,,Title Text (Verify Your Identity),,,
,,,Description Text,,,
,,Verification Tabs,Tab Item (Password),,,
,,,Tab Item (Email OTP),,,
,,,Active Tab Indicator,,,
,,Password Form,Email Address Label,,,
,,,Email Address Input Field,,,
,,,Input Placeholder Text,,,
,,,Input Divider Line,,,
,,,Forgot Password Link,,,
,,Action Section,Verify Button,,,
,Verify Identity Screen (Password Tab – Error State),Password Form,Email Address Input Field,Include,0.5,0.5
,,,Error Message Text (Invalid password),,,
,,,Forgot Password Link,,,
,,Action Section,Verify Button,,,
,Verify Identity Screen (OTP Tab – Default State),Header Section,Back Navigation Icon,Include,1,1.5
,,Verification Header,Security Shield Icon,,,
,,,Title Text (Verify Your Identity),,,
,,,Description Text,,,
,,Verification Tabs,Tab Item (Password),,,
,,,Tab Item (Email OTP),,,
,,,Active Tab Indicator,,,
,,OTP Instruction Section,Instruction Text (Enter the 4 digit code…),,,
,,OTP Input Section,OTP Input Box 1,,,
,,,OTP Input Box 2,,,
,,,OTP Input Box 3,,,
,,,OTP Input Box 4,,,
,,,OTP Input Box 5,,,
,,,OTP Input Box 6,,,
,,Action Section,Verify Button,,,
,,,Resend Code Link,,,
,Verify Identity Screen (OTP Tab – Error State),OTP Input Section,OTP Input Boxes,Include,0.5,0.5
,,OTP Validation Section,Error Message Text (Invalid OTP),,,
,,Action Section,Verify Button,,,
,,,Resend Code Link,,,
,,,,,,
,,,,Total Hours,92.5,148
,,,,Rate ($/Hour),$22.50,$22.50
,,,,Hours Total,"$2,081","$3,330"
,,,,Sub Total,"$5,411",
,,,,Discount,"$1,000",
,,,,Total,"$4,411",